{
  "timer_start": "1764589871034101",
  "timer_end": "1764589898555423",
  "delta_t_seconds": 27.52,
  "events": {
    "power/energy-pkg/": {
      "unit": "W",
      "samples": 2713,
      "min": 0.03,
      "max": 0.35,
      "mean": 0.21,
      "std": 0.03,
      "percentiles": {
        "p25": 0.19,
        "p50": 0.2,
        "p75": 0.21,
        "p90": 0.24,
        "p95": 0.25,
        "p99": 0.32
      },
      "consumption": 5.72,
      "carbon_footprint_g": 0.000213
    },
    "power/energy-cores/": {
      "unit": "W",
      "samples": 2713,
      "min": 0.02,
      "max": 0.34,
      "mean": 0.2,
      "std": 0.03,
      "percentiles": {
        "p25": 0.19,
        "p50": 0.19,
        "p75": 0.2,
        "p90": 0.24,
        "p95": 0.25,
        "p99": 0.31
      },
      "consumption": 5.57,
      "carbon_footprint_g": 0.000207
    }
  },
  "carbon_intensity": 134
}