{
  "timer_start": "1764589785284756",
  "timer_end": "1764589813266153",
  "delta_t_seconds": 27.98,
  "events": {
    "power/energy-pkg/": {
      "unit": "W",
      "samples": 2757,
      "min": 0.04,
      "max": 0.28,
      "mean": 0.21,
      "std": 0.02,
      "percentiles": {
        "p25": 0.2,
        "p50": 0.21,
        "p75": 0.22,
        "p90": 0.23,
        "p95": 0.25,
        "p99": 0.26
      },
      "consumption": 5.93,
      "carbon_footprint_g": 0.000221
    },
    "power/energy-cores/": {
      "unit": "W",
      "samples": 2757,
      "min": 0.03,
      "max": 0.26,
      "mean": 0.2,
      "std": 0.02,
      "percentiles": {
        "p25": 0.19,
        "p50": 0.2,
        "p75": 0.21,
        "p90": 0.22,
        "p95": 0.25,
        "p99": 0.25
      },
      "consumption": 5.7,
      "carbon_footprint_g": 0.000212
    }
  },
  "carbon_intensity": 134
}