{
  "timer_start": "1764590213960995",
  "timer_end": "1764590241592401",
  "delta_t_seconds": 27.63,
  "events": {
    "power/energy-pkg/": {
      "unit": "W",
      "samples": 2723,
      "min": 0.03,
      "max": 0.37,
      "mean": 0.21,
      "std": 0.03,
      "percentiles": {
        "p25": 0.19,
        "p50": 0.2,
        "p75": 0.22,
        "p90": 0.25,
        "p95": 0.31,
        "p99": 0.33
      },
      "consumption": 5.86,
      "carbon_footprint_g": 0.000218
    },
    "power/energy-cores/": {
      "unit": "W",
      "samples": 2723,
      "min": 0.02,
      "max": 0.34,
      "mean": 0.21,
      "std": 0.03,
      "percentiles": {
        "p25": 0.19,
        "p50": 0.2,
        "p75": 0.21,
        "p90": 0.24,
        "p95": 0.31,
        "p99": 0.32
      },
      "consumption": 5.71,
      "carbon_footprint_g": 0.000213
    }
  },
  "carbon_intensity": 134
}