{
  "timer_start": "1764589556551176",
  "timer_end": "1764589584255020",
  "delta_t_seconds": 27.7,
  "events": {
    "power/energy-pkg/": {
      "unit": "W",
      "samples": 2729,
      "min": 0.03,
      "max": 0.31,
      "mean": 0.2,
      "std": 0.02,
      "percentiles": {
        "p25": 0.19,
        "p50": 0.2,
        "p75": 0.21,
        "p90": 0.23,
        "p95": 0.25,
        "p99": 0.27
      },
      "consumption": 5.61,
      "carbon_footprint_g": 0.000209
    },
    "power/energy-cores/": {
      "unit": "W",
      "samples": 2729,
      "min": 0.02,
      "max": 0.3,
      "mean": 0.2,
      "std": 0.02,
      "percentiles": {
        "p25": 0.18,
        "p50": 0.19,
        "p75": 0.2,
        "p90": 0.21,
        "p95": 0.24,
        "p99": 0.25
      },
      "consumption": 5.43,
      "carbon_footprint_g": 0.000202
    }
  },
  "carbon_intensity": 134
}