{
  "timer_start": "1764590156420184",
  "timer_end": "1764590183781898",
  "delta_t_seconds": 27.36,
  "events": {
    "power/energy-pkg/": {
      "unit": "W",
      "samples": 2698,
      "min": 0.03,
      "max": 0.29,
      "mean": 0.21,
      "std": 0.02,
      "percentiles": {
        "p25": 0.2,
        "p50": 0.21,
        "p75": 0.21,
        "p90": 0.23,
        "p95": 0.25,
        "p99": 0.26
      },
      "consumption": 5.71,
      "carbon_footprint_g": 0.000213
    },
    "power/energy-cores/": {
      "unit": "W",
      "samples": 2698,
      "min": 0.02,
      "max": 0.29,
      "mean": 0.2,
      "std": 0.02,
      "percentiles": {
        "p25": 0.19,
        "p50": 0.2,
        "p75": 0.2,
        "p90": 0.22,
        "p95": 0.24,
        "p99": 0.25
      },
      "consumption": 5.54,
      "carbon_footprint_g": 0.000206
    }
  },
  "carbon_intensity": 134
}