{
  "timer_start": "1764589814215859",
  "timer_end": "1764589841782106",
  "delta_t_seconds": 27.57,
  "events": {
    "power/energy-pkg/": {
      "unit": "W",
      "samples": 2717,
      "min": 0.03,
      "max": 0.28,
      "mean": 0.21,
      "std": 0.02,
      "percentiles": {
        "p25": 0.2,
        "p50": 0.2,
        "p75": 0.21,
        "p90": 0.23,
        "p95": 0.25,
        "p99": 0.26
      },
      "consumption": 5.72,
      "carbon_footprint_g": 0.000213
    },
    "power/energy-cores/": {
      "unit": "W",
      "samples": 2717,
      "min": 0.02,
      "max": 0.27,
      "mean": 0.2,
      "std": 0.02,
      "percentiles": {
        "p25": 0.19,
        "p50": 0.2,
        "p75": 0.2,
        "p90": 0.22,
        "p95": 0.24,
        "p99": 0.25
      },
      "consumption": 5.58,
      "carbon_footprint_g": 0.000208
    }
  },
  "carbon_intensity": 134
}