{
  "timer_start": "1764590242634226",
  "timer_end": "1764590270996261",
  "delta_t_seconds": 28.36,
  "events": {
    "power/energy-pkg/": {
      "unit": "W",
      "samples": 2795,
      "min": 0.03,
      "max": 0.36,
      "mean": 0.21,
      "std": 0.03,
      "percentiles": {
        "p25": 0.2,
        "p50": 0.2,
        "p75": 0.22,
        "p90": 0.25,
        "p95": 0.28,
        "p99": 0.32
      },
      "consumption": 6.07,
      "carbon_footprint_g": 0.000226
    },
    "power/energy-cores/": {
      "unit": "W",
      "samples": 2795,
      "min": 0.02,
      "max": 0.33,
      "mean": 0.21,
      "std": 0.03,
      "percentiles": {
        "p25": 0.19,
        "p50": 0.19,
        "p75": 0.21,
        "p90": 0.24,
        "p95": 0.26,
        "p99": 0.32
      },
      "consumption": 5.82,
      "carbon_footprint_g": 0.000217
    }
  },
  "carbon_intensity": 134
}