{
  "timer_start": "1764589527783960",
  "timer_end": "1764589555330536",
  "delta_t_seconds": 27.55,
  "events": {
    "power/energy-pkg/": {
      "unit": "W",
      "samples": 2719,
      "min": 0.03,
      "max": 0.42,
      "mean": 0.21,
      "std": 0.02,
      "percentiles": {
        "p25": 0.2,
        "p50": 0.2,
        "p75": 0.21,
        "p90": 0.23,
        "p95": 0.24,
        "p99": 0.26
      },
      "consumption": 5.74,
      "carbon_footprint_g": 0.000214
    },
    "power/energy-cores/": {
      "unit": "W",
      "samples": 2719,
      "min": 0.02,
      "max": 0.4,
      "mean": 0.2,
      "std": 0.02,
      "percentiles": {
        "p25": 0.2,
        "p50": 0.2,
        "p75": 0.2,
        "p90": 0.22,
        "p95": 0.24,
        "p99": 0.24
      },
      "consumption": 5.6,
      "carbon_footprint_g": 0.000208
    }
  },
  "carbon_intensity": 134
}