{
  "timer_start": "1764589699354774",
  "timer_end": "1764589726835106",
  "delta_t_seconds": 27.48,
  "events": {
    "power/energy-pkg/": {
      "unit": "W",
      "samples": 2706,
      "min": 0.04,
      "max": 0.33,
      "mean": 0.21,
      "std": 0.02,
      "percentiles": {
        "p25": 0.2,
        "p50": 0.21,
        "p75": 0.22,
        "p90": 0.24,
        "p95": 0.25,
        "p99": 0.26
      },
      "consumption": 5.8,
      "carbon_footprint_g": 0.000216
    },
    "power/energy-cores/": {
      "unit": "W",
      "samples": 2706,
      "min": 0.03,
      "max": 0.33,
      "mean": 0.2,
      "std": 0.02,
      "percentiles": {
        "p25": 0.19,
        "p50": 0.2,
        "p75": 0.2,
        "p90": 0.22,
        "p95": 0.24,
        "p99": 0.25
      },
      "consumption": 5.59,
      "carbon_footprint_g": 0.000208
    }
  },
  "carbon_intensity": 134
}