{
  "timer_start": "1764590271983744",
  "timer_end": "1764590299319322",
  "delta_t_seconds": 27.34,
  "events": {
    "power/energy-pkg/": {
      "unit": "W",
      "samples": 2694,
      "min": 0.03,
      "max": 0.3,
      "mean": 0.2,
      "std": 0.02,
      "percentiles": {
        "p25": 0.19,
        "p50": 0.2,
        "p75": 0.21,
        "p90": 0.23,
        "p95": 0.25,
        "p99": 0.26
      },
      "consumption": 5.57,
      "carbon_footprint_g": 0.000207
    },
    "power/energy-cores/": {
      "unit": "W",
      "samples": 2694,
      "min": 0.02,
      "max": 0.29,
      "mean": 0.2,
      "std": 0.02,
      "percentiles": {
        "p25": 0.19,
        "p50": 0.19,
        "p75": 0.2,
        "p90": 0.22,
        "p95": 0.25,
        "p99": 0.25
      },
      "consumption": 5.41,
      "carbon_footprint_g": 0.000201
    }
  },
  "carbon_intensity": 134
}