{
  "timer_start": "1764590013541083",
  "timer_end": "1764590041117131",
  "delta_t_seconds": 27.58,
  "events": {
    "power/energy-pkg/": {
      "unit": "W",
      "samples": 2715,
      "min": 0.04,
      "max": 0.34,
      "mean": 0.21,
      "std": 0.02,
      "percentiles": {
        "p25": 0.19,
        "p50": 0.2,
        "p75": 0.21,
        "p90": 0.23,
        "p95": 0.24,
        "p99": 0.27
      },
      "consumption": 5.66,
      "carbon_footprint_g": 0.000211
    },
    "power/energy-cores/": {
      "unit": "W",
      "samples": 2715,
      "min": 0.03,
      "max": 0.33,
      "mean": 0.2,
      "std": 0.02,
      "percentiles": {
        "p25": 0.19,
        "p50": 0.19,
        "p75": 0.2,
        "p90": 0.22,
        "p95": 0.24,
        "p99": 0.25
      },
      "consumption": 5.49,
      "carbon_footprint_g": 0.000204
    }
  },
  "carbon_intensity": 134
}