{
  "timer_start": "1764589756792994",
  "timer_end": "1764589784347545",
  "delta_t_seconds": 27.55,
  "events": {
    "power/energy-pkg/": {
      "unit": "W",
      "samples": 2717,
      "min": 0.03,
      "max": 0.37,
      "mean": 0.21,
      "std": 0.02,
      "percentiles": {
        "p25": 0.2,
        "p50": 0.21,
        "p75": 0.22,
        "p90": 0.24,
        "p95": 0.25,
        "p99": 0.32
      },
      "consumption": 5.88,
      "carbon_footprint_g": 0.000219
    },
    "power/energy-cores/": {
      "unit": "W",
      "samples": 2717,
      "min": 0.03,
      "max": 0.36,
      "mean": 0.21,
      "std": 0.02,
      "percentiles": {
        "p25": 0.2,
        "p50": 0.2,
        "p75": 0.21,
        "p90": 0.24,
        "p95": 0.24,
        "p99": 0.32
      },
      "consumption": 5.7,
      "carbon_footprint_g": 0.000212
    }
  },
  "carbon_intensity": 134
}