{
  "timer_start": "1764589642406594",
  "timer_end": "1764589669906279",
  "delta_t_seconds": 27.5,
  "events": {
    "power/energy-pkg/": {
      "unit": "W",
      "samples": 2709,
      "min": 0.03,
      "max": 0.28,
      "mean": 0.21,
      "std": 0.02,
      "percentiles": {
        "p25": 0.2,
        "p50": 0.2,
        "p75": 0.22,
        "p90": 0.23,
        "p95": 0.24,
        "p99": 0.26
      },
      "consumption": 5.78,
      "carbon_footprint_g": 0.000215
    },
    "power/energy-cores/": {
      "unit": "W",
      "samples": 2709,
      "min": 0.03,
      "max": 0.26,
      "mean": 0.2,
      "std": 0.02,
      "percentiles": {
        "p25": 0.2,
        "p50": 0.2,
        "p75": 0.2,
        "p90": 0.23,
        "p95": 0.24,
        "p99": 0.24
      },
      "consumption": 5.61,
      "carbon_footprint_g": 0.000209
    }
  },
  "carbon_intensity": 134
}