{
  "timer_start": "1764589984938668",
  "timer_end": "1764590012359368",
  "delta_t_seconds": 27.42,
  "events": {
    "power/energy-pkg/": {
      "unit": "W",
      "samples": 2700,
      "min": 0.03,
      "max": 0.34,
      "mean": 0.21,
      "std": 0.02,
      "percentiles": {
        "p25": 0.2,
        "p50": 0.2,
        "p75": 0.21,
        "p90": 0.23,
        "p95": 0.25,
        "p99": 0.28
      },
      "consumption": 5.71,
      "carbon_footprint_g": 0.000213
    },
    "power/energy-cores/": {
      "unit": "W",
      "samples": 2700,
      "min": 0.02,
      "max": 0.32,
      "mean": 0.2,
      "std": 0.02,
      "percentiles": {
        "p25": 0.19,
        "p50": 0.19,
        "p75": 0.2,
        "p90": 0.22,
        "p95": 0.25,
        "p99": 0.26
      },
      "consumption": 5.5,
      "carbon_footprint_g": 0.000205
    }
  },
  "carbon_intensity": 134
}