{
  "timer_start": "1764589670970451",
  "timer_end": "1764589698301979",
  "delta_t_seconds": 27.33,
  "events": {
    "power/energy-pkg/": {
      "unit": "W",
      "samples": 2692,
      "min": 0.03,
      "max": 0.3,
      "mean": 0.21,
      "std": 0.02,
      "percentiles": {
        "p25": 0.19,
        "p50": 0.2,
        "p75": 0.21,
        "p90": 0.24,
        "p95": 0.25,
        "p99": 0.27
      },
      "consumption": 5.63,
      "carbon_footprint_g": 0.00021
    },
    "power/energy-cores/": {
      "unit": "W",
      "samples": 2692,
      "min": 0.03,
      "max": 0.29,
      "mean": 0.2,
      "std": 0.02,
      "percentiles": {
        "p25": 0.19,
        "p50": 0.19,
        "p75": 0.2,
        "p90": 0.22,
        "p95": 0.25,
        "p99": 0.25
      },
      "consumption": 5.44,
      "carbon_footprint_g": 0.000202
    }
  },
  "carbon_intensity": 134
}