{
  "timer_start": "1764590041965655",
  "timer_end": "1764590069534530",
  "delta_t_seconds": 27.57,
  "events": {
    "power/energy-pkg/": {
      "unit": "W",
      "samples": 2719,
      "min": 0.03,
      "max": 0.51,
      "mean": 0.21,
      "std": 0.02,
      "percentiles": {
        "p25": 0.2,
        "p50": 0.21,
        "p75": 0.22,
        "p90": 0.23,
        "p95": 0.24,
        "p99": 0.26
      },
      "consumption": 5.8,
      "carbon_footprint_g": 0.000216
    },
    "power/energy-cores/": {
      "unit": "W",
      "samples": 2719,
      "min": 0.02,
      "max": 0.5,
      "mean": 0.2,
      "std": 0.02,
      "percentiles": {
        "p25": 0.2,
        "p50": 0.2,
        "p75": 0.21,
        "p90": 0.22,
        "p95": 0.24,
        "p99": 0.24
      },
      "consumption": 5.63,
      "carbon_footprint_g": 0.00021
    }
  },
  "carbon_intensity": 134
}