{
  "timer_start": "1764589956166504",
  "timer_end": "1764589983590773",
  "delta_t_seconds": 27.42,
  "events": {
    "power/energy-pkg/": {
      "unit": "W",
      "samples": 2702,
      "min": 0.03,
      "max": 0.37,
      "mean": 0.21,
      "std": 0.03,
      "percentiles": {
        "p25": 0.19,
        "p50": 0.2,
        "p75": 0.22,
        "p90": 0.24,
        "p95": 0.25,
        "p99": 0.32
      },
      "consumption": 5.74,
      "carbon_footprint_g": 0.000214
    },
    "power/energy-cores/": {
      "unit": "W",
      "samples": 2702,
      "min": 0.02,
      "max": 0.33,
      "mean": 0.2,
      "std": 0.03,
      "percentiles": {
        "p25": 0.19,
        "p50": 0.19,
        "p75": 0.21,
        "p90": 0.24,
        "p95": 0.25,
        "p99": 0.31
      },
      "consumption": 5.55,
      "carbon_footprint_g": 0.000207
    }
  },
  "carbon_intensity": 134
}