{
  "timer_start": "1764590127402027",
  "timer_end": "1764590155264506",
  "delta_t_seconds": 27.86,
  "events": {
    "power/energy-pkg/": {
      "unit": "W",
      "samples": 2743,
      "min": 0.03,
      "max": 0.35,
      "mean": 0.21,
      "std": 0.03,
      "percentiles": {
        "p25": 0.2,
        "p50": 0.2,
        "p75": 0.22,
        "p90": 0.25,
        "p95": 0.26,
        "p99": 0.32
      },
      "consumption": 5.92,
      "carbon_footprint_g": 0.00022
    },
    "power/energy-cores/": {
      "unit": "W",
      "samples": 2743,
      "min": 0.03,
      "max": 0.33,
      "mean": 0.2,
      "std": 0.03,
      "percentiles": {
        "p25": 0.19,
        "p50": 0.19,
        "p75": 0.21,
        "p90": 0.25,
        "p95": 0.25,
        "p99": 0.31
      },
      "consumption": 5.67,
      "carbon_footprint_g": 0.000211
    }
  },
  "carbon_intensity": 134
}